brand,配對數,有瀏覽,有加購,有移除,有購買,瀏覽且加購,瀏覽加購且購買,瀏覽→加購%,加購→購買%,加購後放棄%,放棄配對數,無瀏覽直接加購%
elizavecca,2527.0,2219.0,333.0,195.0,34.0,136.0,7.0,6.128886885984678,4.804804804804805,95.1951951951952,317.0,59.15915915915916
coxir,1867.0,1669.0,256.0,120.0,36.0,135.0,9.0,8.088675853804673,5.078125,94.921875,243.0,47.265625
tertio,5820.0,3887.0,1581.0,1023.0,226.0,321.0,27.0,8.258296887059428,6.198608475648324,93.80139152435167,1483.0,79.69639468690703
litaline,1016.0,866.0,260.0,107.0,33.0,171.0,9.0,19.7459584295612,6.538461538461539,93.46153846153847,243.0,34.23076923076923
coocla,3503.0,2579.0,924.0,511.0,143.0,338.0,26.0,13.105854982551376,7.35930735930736,92.64069264069265,856.0,63.41991341991342
note,2030.0,1512.0,447.0,277.0,50.0,120.0,21.0,7.936507936507936,7.38255033557047,92.61744966442953,414.0,73.15436241610739
kosmekka,20055.0,19369.0,868.0,588.0,122.0,509.0,46.0,2.627910578759874,7.71889400921659,92.2811059907834,801.0,41.3594470046083
herbolive,780.0,566.0,213.0,115.0,34.0,65.0,8.0,11.484098939929329,7.981220657276995,92.01877934272301,196.0,69.48356807511738
blixz,2342.0,1353.0,808.0,429.0,159.0,170.0,20.0,12.564671101256467,8.044554455445544,91.95544554455446,743.0,78.96039603960396
moyou,5663.0,5125.0,717.0,426.0,113.0,392.0,45.0,7.648780487804878,8.228730822873082,91.77126917712691,658.0,45.32775453277546
i-laq,6359.0,3941.0,2238.0,1528.0,343.0,824.0,57.0,20.908398883532097,8.445040214477212,91.5549597855228,2049.0,63.181411974977664
relouis,9782.0,7259.0,2657.0,1233.0,468.0,909.0,90.0,12.522386003581762,8.618742943168987,91.38125705683102,2428.0,65.78848325178774
biore,787.0,566.0,209.0,126.0,29.0,60.0,10.0,10.60070671378092,9.090909090909092,90.9090909090909,190.0,71.29186602870813
ermine,1008.0,677.0,329.0,175.0,43.0,80.0,4.0,11.816838995568684,9.118541033434651,90.88145896656535,299.0,75.6838905775076
avene,2854.0,2486.0,426.0,176.0,59.0,159.0,16.0,6.395816572807724,9.15492957746479,90.84507042253522,387.0,62.676056338028175
uskusi,65666.0,32438.0,26874.0,17196.0,5671.0,5775.0,609.0,17.8031937850669,9.161271117064821,90.83872888293519,24412.0,78.5108283098906
enas,2644.0,2235.0,414.0,232.0,63.0,145.0,15.0,6.487695749440715,9.178743961352657,90.82125603864735,376.0,64.97584541062803
estrade,4154.0,2987.0,1128.0,524.0,182.0,289.0,41.0,9.675259457649815,9.308510638297872,90.69148936170212,1023.0,74.37943262411348
oniq,83050.0,56973.0,23581.0,14251.0,4737.0,7186.0,805.0,12.61299211907395,9.346507781688649,90.65349221831134,21377.0,69.52631355752513
egomania,887.0,719.0,223.0,86.0,30.0,106.0,9.0,14.74269819193324,9.417040358744394,90.5829596412556,202.0,52.46636771300448
plazan,1033.0,721.0,296.0,193.0,69.0,137.0,17.0,19.00138696255201,9.45945945945946,90.54054054054053,268.0,53.71621621621622
beautific,2287.0,1979.0,296.0,154.0,50.0,81.0,6.0,4.092976250631632,9.45945945945946,90.54054054054053,268.0,72.63513513513513
likato,3624.0,2771.0,995.0,445.0,169.0,421.0,38.0,15.193071093468062,9.547738693467336,90.45226130653266,900.0,57.68844221105528
f.o.x,74942.0,43725.0,27383.0,17047.0,5269.0,7310.0,811.0,16.718124642652946,9.637366249132674,90.36263375086733,24744.0,73.30460504692692
matreshka,6653.0,4745.0,1775.0,956.0,337.0,464.0,61.0,9.778714436248682,9.690140845070424,90.30985915492957,1603.0,73.85915492957747
dartnails,9587.0,4162.0,4352.0,2733.0,924.0,780.0,100.0,18.740989908697742,9.880514705882353,90.11948529411765,3922.0,82.07720588235294
bielenda,4809.0,3153.0,1600.0,796.0,314.0,516.0,70.0,16.365366317792578,9.9375,90.0625,1441.0,67.75
cruset,893.0,727.0,210.0,94.0,46.0,116.0,12.0,15.955983493810177,10.0,90.0,189.0,44.761904761904766
lianail,91729.0,51739.0,32398.0,21411.0,6572.0,7224.0,834.0,13.962388140474305,10.028396814618185,89.97160318538181,29149.0,77.70232730415458
beautix,66892.0,40930.0,23667.0,14113.0,4698.0,6251.0,810.0,15.272416320547274,10.030844635991043,89.96915536400896,21293.0,73.5876959479444
babyliss,5339.0,5104.0,307.0,106.0,43.0,141.0,22.0,2.7625391849529777,10.097719869706841,89.90228013029315,276.0,54.071661237785015
luxvisage,2646.0,1632.0,951.0,498.0,160.0,269.0,38.0,16.482843137254903,10.199789695057834,89.80021030494217,854.0,71.71398527865405
keune,4700.0,4009.0,812.0,324.0,126.0,305.0,39.0,7.607882264903966,10.22167487684729,89.77832512315271,729.0,62.4384236453202
mavala,5433.0,4538.0,1310.0,549.0,210.0,681.0,73.0,15.006610841780521,10.229007633587786,89.77099236641222,1176.0,48.01526717557252
strong,46427.0,43055.0,4298.0,2283.0,837.0,2389.0,315.0,5.5487167576355825,10.446719404374127,89.55328059562588,3849.0,44.41600744532341
candy,2939.0,1561.0,1218.0,678.0,248.0,274.0,44.0,17.55285073670724,10.50903119868637,89.49096880131363,1090.0,77.504105090312
kezy,3549.0,2918.0,700.0,331.0,126.0,268.0,37.0,9.184372858122002,10.571428571428571,89.42857142857143,626.0,61.71428571428571
beauty-free,21486.0,11523.0,8451.0,4953.0,1602.0,1560.0,133.0,13.538141109086174,10.578629747958821,89.42137025204117,7557.0,81.5406460773873
koelf,1439.0,910.0,478.0,303.0,97.0,147.0,11.0,16.153846153846153,10.669456066945607,89.3305439330544,427.0,69.24686192468619
masura,562852.0,292689.0,226381.0,142884.0,49255.0,50366.0,6151.0,17.2080262667883,10.685967461933643,89.31403253806636,202190.0,77.75166643843785
ecocraft,1897.0,1448.0,462.0,278.0,102.0,183.0,31.0,12.638121546961326,10.822510822510822,89.17748917748918,412.0,60.3896103896104
dermacol,9864.0,9058.0,885.0,379.0,178.0,327.0,60.0,3.6100684477809666,10.847457627118644,89.15254237288136,789.0,63.05084745762712
haruyama,126415.0,65708.0,51273.0,31038.0,11504.0,11884.0,1325.0,18.08607779874597,10.855616016226865,89.14438398377314,45707.0,76.82210910225655
ingarden,288615.0,151081.0,114971.0,67014.0,27255.0,26491.0,3511.0,17.534302791217957,10.86273929947552,89.13726070052448,102482.0,76.95853737029339
marathon,26086.0,24834.0,1746.0,981.0,345.0,1128.0,140.0,4.54215994201498,10.939289805269187,89.0607101947308,1555.0,35.39518900343643
cosmoprofi,84649.0,54072.0,27873.0,15860.0,6927.0,8930.0,1186.0,16.515017014351237,10.999892368959207,89.00010763104079,24807.0,67.96182685753239
finish,650.0,454.0,200.0,102.0,42.0,62.0,8.0,13.656387665198238,11.0,89.0,178.0,69.0
kaypro,11491.0,9513.0,2761.0,1121.0,480.0,1387.0,135.0,14.580048354882791,11.010503440782324,88.98949655921767,2457.0,49.76457805143064
keen,5450.0,4421.0,1352.0,518.0,234.0,638.0,70.0,14.431124180049762,11.020710059171597,88.9792899408284,1203.0,52.81065088757396
freedecor,161176.0,83789.0,65578.0,34826.0,17358.0,15201.0,2059.0,18.14199954647985,11.026563786635762,88.97343621336424,58347.0,76.81997011192779
bluesky,132061.0,75104.0,49456.0,29926.0,11392.0,12685.0,1672.0,16.889912654452495,11.082578453574895,88.9174215464251,43975.0,74.35093820769977
bespecial,2680.0,2390.0,342.0,180.0,63.0,156.0,21.0,6.527196652719665,11.11111111111111,88.88888888888889,304.0,54.385964912280706
sophin,16227.0,11859.0,4710.0,2531.0,997.0,1862.0,259.0,15.701155240745427,11.316348195329088,88.68365180467092,4177.0,60.467091295116774
pole,127321.0,69434.0,51104.0,30857.0,11521.0,13689.0,1807.0,19.715125154823284,11.32592360676268,88.67407639323733,45316.0,73.21344708829054
profhenna,4833.0,3105.0,1651.0,791.0,414.0,469.0,55.0,15.104669887278583,11.326468806783767,88.67353119321623,1464.0,71.59297395517868
meisterwerk,1991.0,1496.0,457.0,285.0,115.0,171.0,24.0,11.43048128342246,11.37855579868709,88.62144420131291,405.0,62.58205689277899
naturmed,1294.0,1071.0,295.0,117.0,80.0,162.0,20.0,15.126050420168067,11.525423728813559,88.47457627118645,261.0,45.08474576271186
bioaqua,20937.0,15982.0,4810.0,2532.0,988.0,1580.0,192.0,9.886121887123013,11.683991683991685,88.31600831600832,4248.0,67.15176715176715
consly,1922.0,1287.0,624.0,354.0,145.0,221.0,26.0,17.17171717171717,11.698717948717949,88.30128205128204,551.0,64.58333333333334
dr.gloderm,1482.0,1226.0,332.0,138.0,51.0,150.0,20.0,12.234910277324634,11.74698795180723,88.25301204819277,293.0,54.81927710843374
naomi,4290.0,3541.0,867.0,463.0,177.0,408.0,50.0,11.522168878847783,11.76470588235294,88.23529411764706,765.0,52.94117647058824
pnb,60281.0,40450.0,18504.0,11335.0,4621.0,6718.0,858.0,16.60815822002472,11.781236489407695,88.2187635105923,16324.0,63.69433635970601
siberina,9067.0,6330.0,2647.0,1446.0,583.0,1008.0,143.0,15.924170616113745,11.786928598413299,88.2130714015867,2335.0,61.91915375897242
grattol,573192.0,354799.0,199793.0,106124.0,49196.0,55191.0,7309.0,15.555568082209929,11.79370648621323,88.20629351378678,176230.0,72.37590906588319
cutrin,3035.0,2465.0,686.0,291.0,140.0,304.0,54.0,12.332657200811358,11.807580174927114,88.19241982507289,605.0,55.68513119533528
enigma,3992.0,2838.0,1092.0,577.0,212.0,288.0,49.0,10.14799154334038,11.904761904761903,88.09523809523809,962.0,73.62637362637363
sawa,961.0,743.0,241.0,116.0,59.0,101.0,16.0,13.593539703903096,12.033195020746888,87.96680497925311,212.0,58.09128630705395
kiss,9181.0,7501.0,2021.0,977.0,416.0,894.0,125.0,11.918410878549526,12.073231073725879,87.92676892627412,1777.0,55.76447303315191
roubloff,48415.0,30609.0,16190.0,9018.0,4620.0,5618.0,770.0,18.354078865693097,12.124768375540457,87.87523162445953,14227.0,65.29956763434218
vilenta,3265.0,1638.0,1318.0,778.0,333.0,277.0,32.0,16.91086691086691,12.139605462822459,87.86039453717754,1158.0,78.98330804248862
konad,12391.0,9057.0,2931.0,1748.0,757.0,900.0,109.0,9.937065253395163,12.248379392698737,87.75162060730126,2572.0,69.29375639713409
kims,3874.0,3601.0,388.0,154.0,63.0,195.0,30.0,5.415162454873646,12.371134020618557,87.62886597938144,340.0,49.74226804123711
miskin,1117.0,897.0,249.0,152.0,52.0,120.0,15.0,13.377926421404682,12.449799196787147,87.55020080321285,218.0,51.80722891566265
laboratorium,3231.0,2314.0,890.0,477.0,211.0,326.0,38.0,14.088159031979256,12.47191011235955,87.52808988764045,779.0,63.370786516853926
max,24669.0,22023.0,3280.0,1917.0,886.0,1987.0,270.0,9.022385687690141,12.53048780487805,87.46951219512195,2869.0,39.420731707317074
shik,36440.0,30480.0,6683.0,2993.0,1483.0,2694.0,374.0,8.838582677165356,12.629058805925483,87.37094119407452,5839.0,59.6887625317971
bpw.style,301162.0,147962.0,124931.0,63404.0,37765.0,26877.0,4003.0,18.164799070031496,12.762244759107027,87.23775524089298,108987.0,78.48652456155799
yllozure,2933.0,1923.0,924.0,503.0,202.0,256.0,45.0,13.312532501300053,12.770562770562771,87.22943722943724,806.0,72.2943722943723
irisk,673795.0,353556.0,267627.0,141033.0,73298.0,57798.0,8460.0,16.347622441706548,12.915737201403447,87.08426279859655,233061.0,78.40352430808551
artex,18074.0,11458.0,5876.0,3077.0,1682.0,1811.0,238.0,15.805550706929655,12.916950306330838,87.08304969366917,5117.0,69.17971409121851
chi,3791.0,3072.0,812.0,331.0,182.0,311.0,54.0,10.123697916666668,12.931034482758621,87.06896551724138,707.0,61.69950738916257
rosi,29934.0,17543.0,10629.0,5816.0,3160.0,3042.0,422.0,17.34024967223394,12.936306331733935,87.06369366826607,9254.0,71.38018628281118
polarus,24810.0,21899.0,3537.0,2117.0,867.0,2000.0,312.0,9.13283711585004,12.948826689284704,87.05117331071528,3079.0,43.45490528696636
sunuv,20010.0,18423.0,2095.0,1217.0,524.0,1333.0,223.0,7.235520816370841,12.983293556085918,87.01670644391409,1823.0,36.372315035799524
deoproce,3101.0,2546.0,715.0,319.0,156.0,364.0,54.0,14.29693637077769,13.006993006993007,86.993006993007,622.0,49.09090909090909
bodyton,11279.0,8425.0,3098.0,1616.0,717.0,1348.0,216.0,16.0,13.040671400903808,86.95932859909618,2694.0,56.48805681084571
lovely,73456.0,43671.0,26819.0,13083.0,6971.0,7137.0,1067.0,16.342653019166036,13.050449308326186,86.94955069167382,23319.0,73.38826951042171
inoface,1778.0,1038.0,695.0,370.0,155.0,211.0,32.0,20.327552986512522,13.237410071942445,86.76258992805755,603.0,69.64028776978417
de.lux,55643.0,26041.0,23180.0,12187.0,7027.0,4636.0,627.0,17.802695749011175,13.343399482312337,86.65660051768766,20087.0,80.0
milv,112062.0,58234.0,44565.0,24243.0,12630.0,9730.0,1385.0,16.70845210701652,13.373723774262313,86.62627622573768,38605.0,78.1667227645013
staleks,73920.0,53494.0,20703.0,11293.0,5775.0,8617.0,1345.0,16.108348599842973,13.428005603052698,86.5719943969473,17923.0,58.378012848379456
ecolab,11948.0,7115.0,4337.0,2275.0,1043.0,1084.0,177.0,15.23541813070977,13.488586580585658,86.51141341941434,3752.0,75.00576435323957
lakme,4660.0,3784.0,1086.0,501.0,232.0,508.0,90.0,13.424947145877377,13.535911602209943,86.46408839779005,939.0,53.22283609576427
riche,2542.0,2244.0,383.0,136.0,81.0,173.0,29.0,7.709447415329768,13.577023498694519,86.42297650130548,331.0,54.83028720626631
runail,979518.0,521451.0,380899.0,203828.0,110560.0,86358.0,13242.0,16.561095865191554,13.585753703737735,86.41424629626226,329151.0,77.32784806471007
entity,13807.0,9144.0,3747.0,2217.0,1069.0,886.0,122.0,9.689413823272092,13.637576728049105,86.36242327195089,3236.0,76.3544168668268
lebelage,2810.0,1879.0,950.0,501.0,222.0,323.0,54.0,17.189994678020224,13.684210526315791,86.31578947368422,820.0,66.0
petitfee,3459.0,2506.0,1008.0,564.0,232.0,413.0,76.0,16.480446927374302,13.690476190476192,86.30952380952381,870.0,59.02777777777778
bergamo,1630.0,935.0,584.0,339.0,132.0,123.0,15.0,13.155080213903744,13.698630136986301,86.3013698630137,504.0,78.93835616438356
parachute,4856.0,3818.0,1029.0,489.0,241.0,348.0,46.0,9.114719748559455,13.79980563654033,86.20019436345967,887.0,66.1807580174927
gezatone,3706.0,3492.0,304.0,137.0,65.0,184.0,35.0,5.2691867124856815,13.815789473684212,86.18421052631578,262.0,39.473684210526315
solomeya,34325.0,25335.0,9253.0,4569.0,2386.0,3433.0,449.0,13.550424314189858,13.822544039770884,86.17745596022911,7974.0,62.89851939911381
matrix,18779.0,13994.0,5034.0,2542.0,1129.0,1747.0,280.0,12.483921680720309,13.845848232022249,86.15415176797775,4337.0,65.29598728645213
uno,173430.0,104591.0,59551.0,30287.0,17439.0,14583.0,2107.0,13.942882274765514,13.907407096438346,86.09259290356165,51269.0,75.51174623432017
swarovski,30515.0,11679.0,13968.0,7976.0,3999.0,1704.0,241.0,14.590290264577446,13.91036655211913,86.08963344788087,12025.0,87.80068728522336
protokeratin,2298.0,1958.0,538.0,216.0,117.0,314.0,39.0,16.036772216547497,13.940520446096654,86.05947955390334,463.0,41.63568773234201
zeitun,8703.0,6380.0,2416.0,1299.0,557.0,944.0,151.0,14.796238244514107,13.948675496688741,86.05132450331125,2079.0,60.9271523178808
osmo,3732.0,3370.0,606.0,214.0,110.0,361.0,41.0,10.712166172106825,14.026402640264028,85.97359735973598,521.0,40.42904290429043
fancy,1092.0,735.0,312.0,203.0,78.0,102.0,16.0,13.877551020408163,14.102564102564102,85.8974358974359,268.0,67.3076923076923
kocostar,5027.0,2926.0,1946.0,929.0,471.0,513.0,81.0,17.532467532467532,14.131551901336072,85.86844809866393,1671.0,73.6382322713258
beauugreen,2280.0,1834.0,508.0,269.0,132.0,237.0,42.0,12.92257360959651,14.173228346456693,85.8267716535433,436.0,53.34645669291339
joico,4260.0,3721.0,765.0,247.0,173.0,386.0,62.0,10.373555495834454,14.248366013071895,85.7516339869281,656.0,49.54248366013072
limoni,10739.0,8331.0,2672.0,1366.0,681.0,1195.0,195.0,14.34401632457088,14.33383233532934,85.66616766467065,2289.0,55.27694610778443
lador,24282.0,20324.0,4381.0,2006.0,1080.0,1864.0,310.0,9.171422948238536,14.33462679753481,85.66537320246519,3753.0,57.45263638438713
ladykin,1443.0,1197.0,310.0,159.0,73.0,169.0,26.0,14.11862990810359,14.516129032258066,85.48387096774194,265.0,45.483870967741936
airnails,56290.0,23831.0,25217.0,12583.0,7438.0,3666.0,556.0,15.383324241534135,14.577467581393504,85.4225324186065,21541.0,85.46218820636872
cnd,125880.0,93267.0,32420.0,16912.0,7629.0,9978.0,1700.0,10.698317732960211,14.59592843923504,85.40407156076496,27688.0,69.22270203578039
art-visage,42239.0,25461.0,15570.0,7197.0,4229.0,4340.0,702.0,17.045677703153846,14.611432241490045,85.38856775850996,13295.0,72.12588310854207
jessnail,182335.0,146209.0,34038.0,18273.0,9608.0,11579.0,1599.0,7.919485120615009,14.621893178212586,85.37810682178741,29061.0,65.98213761090545
aura,974.0,574.0,314.0,159.0,83.0,57.0,14.0,9.930313588850174,14.64968152866242,85.35031847133759,268.0,81.84713375796179
carmex,1962.0,1284.0,557.0,301.0,147.0,113.0,27.0,8.800623052959502,14.721723518850988,85.27827648114902,475.0,79.71274685816876
kinetics,38744.0,25658.0,12303.0,6459.0,3203.0,3711.0,576.0,14.463325278665524,14.72811509387954,85.27188490612045,10491.0,69.8366252133626
missha,18082.0,15921.0,2752.0,1059.0,666.0,1296.0,214.0,8.140192198982476,14.789244186046513,85.21075581395348,2345.0,52.90697674418605
almea,3694.0,3157.0,652.0,292.0,145.0,315.0,64.0,9.977827050997783,14.877300613496933,85.12269938650306,555.0,51.68711656441718
ardell,36583.0,34061.0,3476.0,1512.0,839.0,1865.0,307.0,5.475470479433957,15.04602991944764,84.95397008055235,2953.0,46.3463751438435
levrana,30779.0,20892.0,9858.0,4893.0,2582.0,3324.0,556.0,15.910396323951753,15.21606816798539,84.7839318320146,8358.0,66.28119293974437
farmavita,13739.0,11616.0,2747.0,1006.0,662.0,1236.0,211.0,10.640495867768596,15.253003276301419,84.74699672369857,2328.0,55.00546050236622
lowence,4145.0,3267.0,1019.0,480.0,266.0,452.0,95.0,13.835322926232015,15.309126594700686,84.69087340529931,863.0,55.64278704612365
provoc,9626.0,7233.0,2595.0,1217.0,679.0,998.0,158.0,13.797870869625328,15.414258188824661,84.58574181117534,2195.0,61.541425818882466
refectocil,14337.0,7574.0,5864.0,2969.0,1779.0,1420.0,247.0,18.74834961711117,15.416098226466577,84.58390177353343,4960.0,75.78444747612552
dewal,22609.0,16111.0,6290.0,2760.0,1664.0,1834.0,353.0,11.38352678294333,15.48489666136725,84.51510333863274,5316.0,70.84260731319554
orly,9061.0,7481.0,1791.0,829.0,463.0,739.0,122.0,9.878358508220826,15.577889447236181,84.42211055276381,1512.0,58.73813512004467
happyfons,14925.0,12130.0,2803.0,1464.0,738.0,1049.0,188.0,8.6479802143446,15.626114876917589,84.37388512308242,2365.0,62.575811630396004
thuya,12816.0,9595.0,3048.0,1455.0,804.0,865.0,191.0,9.015112037519541,15.68241469816273,84.31758530183727,2570.0,71.62073490813648
mayamy,792.0,596.0,223.0,107.0,53.0,87.0,19.0,14.597315436241612,15.695067264573993,84.30493273542601,188.0,60.98654708520179
browxenna,43567.0,31894.0,11761.0,5767.0,3211.0,3745.0,743.0,11.742020442716498,15.712949579117423,84.28705042088258,9913.0,68.15746960292492
metzger,51199.0,38064.0,13955.0,6845.0,4237.0,5844.0,1027.0,15.353089533417402,15.714797563597276,84.28520243640273,11762.0,58.1225367251881
barex,2159.0,1775.0,419.0,176.0,99.0,163.0,35.0,9.183098591549296,15.75178997613365,84.24821002386635,353.0,61.09785202863962
kaaral,30450.0,23378.0,7915.0,3536.0,2105.0,3157.0,513.0,13.504149200102662,15.780164245104233,84.21983575489577,6666.0,60.11370814908402
estel,247661.0,180700.0,68785.0,32917.0,19292.0,24297.0,4201.0,13.446043165467625,15.788325943156211,84.21167405684379,57925.0,64.67689176419277
jaguar,6832.0,5875.0,1067.0,465.0,259.0,405.0,82.0,6.893617021276596,15.83880037488285,84.16119962511715,898.0,62.04311152764761
freshbubble,3735.0,2288.0,1316.0,621.0,427.0,404.0,62.0,17.657342657342657,15.881458966565349,84.11854103343465,1107.0,69.30091185410335
treaclemoon,2347.0,1255.0,944.0,476.0,231.0,208.0,25.0,16.573705179282868,15.889830508474576,84.11016949152543,794.0,77.96610169491525
lsanic,4318.0,2798.0,1389.0,768.0,373.0,385.0,67.0,13.759828448892067,15.982721382289416,84.01727861771057,1167.0,72.28221742260618
concept,141567.0,109361.0,34086.0,15884.0,9472.0,12818.0,2230.0,11.720814549976682,15.997770345596432,84.00222965440356,28633.0,62.395118230358506
kapous,228323.0,172859.0,56962.0,25700.0,16189.0,18875.0,3219.0,10.919304172765086,16.040518240230327,83.95948175976967,47825.0,66.86387416172185
yoko,64496.0,43064.0,20641.0,10539.0,6579.0,7425.0,1289.0,17.24177967676017,16.08933675694007,83.91066324305993,17320.0,64.02790562472748
skinlite,12003.0,5735.0,5367.0,2643.0,1594.0,1279.0,230.0,22.301656495204885,16.340599962735233,83.65940003726476,4490.0,76.16918203838271
markell,23695.0,14509.0,8661.0,4704.0,2583.0,2810.0,536.0,19.367289268729753,16.395335411615285,83.60466458838471,7241.0,67.55570950236694
latinoil,1429.0,1256.0,236.0,106.0,58.0,123.0,25.0,9.79299363057325,16.52542372881356,83.47457627118644,197.0,47.88135593220339
dermal,6406.0,1746.0,3689.0,1823.0,1070.0,431.0,56.0,24.68499427262314,16.725399837354296,83.27460016264571,3072.0,88.31661696936838
zinger,81297.0,51376.0,26682.0,13279.0,8971.0,7605.0,1249.0,14.802631578947366,16.75661494640582,83.24338505359418,22211.0,71.49763885765684
domix,104664.0,60719.0,38515.0,19191.0,12837.0,10544.0,1883.0,17.36523987549202,16.783071530572506,83.2169284694275,32051.0,72.62365312216019
eos,729.0,461.0,230.0,144.0,55.0,43.0,8.0,9.327548806941431,16.956521739130434,83.04347826086956,191.0,81.30434782608695
tannymaxx,1705.0,1386.0,470.0,194.0,123.0,245.0,46.0,17.67676767676768,17.02127659574468,82.97872340425532,390.0,47.87234042553192
nagaraku,61375.0,32288.0,26139.0,11276.0,7850.0,5573.0,981.0,17.26028245787909,17.16974635601974,82.83025364398026,21651.0,78.67936799418493
igrobeauty,10472.0,5258.0,4433.0,2093.0,1453.0,944.0,163.0,17.95359452263218,17.347168960072185,82.6528310399278,3664.0,78.70516580194
opi,10133.0,8206.0,2162.0,913.0,543.0,776.0,167.0,9.456495247379966,17.391304347826086,82.6086956521739,1786.0,64.1073080481036
insight,11331.0,9409.0,2343.0,963.0,601.0,959.0,181.0,10.192369008396216,17.49893299189074,82.50106700810926,1933.0,59.06956892872386
emil,17576.0,15878.0,2088.0,964.0,718.0,1178.0,210.0,7.419070411890666,17.576628352490424,82.42337164750958,1721.0,43.582375478927204
batiste,3281.0,2068.0,1091.0,481.0,348.0,296.0,64.0,14.313346228239846,17.69019248395967,82.30980751604034,898.0,72.86892758936754
severina,52598.0,23149.0,23541.0,9883.0,9108.0,4235.0,737.0,18.29452676141518,17.722271781147786,82.27772821885222,19369.0,82.01011002081475
estelare,6815.0,3742.0,2876.0,1317.0,849.0,761.0,145.0,20.336718332442544,17.872044506258693,82.12795549374131,2362.0,73.53963838664812
godefroy,3410.0,2650.0,848.0,410.0,236.0,333.0,66.0,12.566037735849056,17.92452830188679,82.0754716981132,696.0,60.73113207547169
farmstay,24116.0,10878.0,10691.0,5011.0,3317.0,1471.0,236.0,13.522706379849236,17.968384622579737,82.03161537742027,8770.0,86.24076325881582
cristalinas,3813.0,2425.0,1228.0,615.0,330.0,291.0,63.0,12.0,17.996742671009773,82.00325732899023,1007.0,76.30293159609121
benovy,14114.0,6906.0,6022.0,2993.0,2161.0,1309.0,254.0,18.954532290761655,18.00066423115244,81.99933576884756,4938.0,78.26303553636666
nefertiti,2076.0,1579.0,487.0,270.0,153.0,199.0,38.0,12.60291323622546,18.069815195071868,81.93018480492813,399.0,59.13757700205339
nirvel,1250.0,954.0,386.0,173.0,102.0,169.0,41.0,17.71488469601677,18.134715025906736,81.86528497409327,316.0,56.21761658031088
glysolid,2164.0,1429.0,747.0,375.0,221.0,269.0,53.0,18.82435269419174,18.340026773761714,81.6599732262383,610.0,63.98929049531459
farmona,5545.0,4508.0,1143.0,571.0,347.0,510.0,99.0,11.313220940550133,18.460192475940506,81.5398075240595,932.0,55.38057742782152
kamill,1046.0,594.0,416.0,199.0,142.0,122.0,23.0,20.53872053872054,18.509615384615387,81.49038461538461,339.0,70.67307692307693
jas,20990.0,18367.0,2640.0,1172.0,905.0,1054.0,203.0,5.738552839331409,18.522727272727273,81.47727272727273,2151.0,60.07575757575757
levissime,14256.0,7462.0,6105.0,2622.0,2199.0,1580.0,345.0,21.173948003216296,18.591318591318593,81.4086814086814,4970.0,74.11957411957411
lamixx,5148.0,3741.0,1336.0,524.0,455.0,363.0,70.0,9.703287890938253,18.7874251497006,81.2125748502994,1085.0,72.82934131736528
kerasys,2830.0,1894.0,949.0,488.0,275.0,322.0,55.0,17.00105596620908,18.86195995785037,81.13804004214963,770.0,66.0695468914647
nitrile,3109.0,1487.0,1359.0,778.0,465.0,276.0,50.0,18.560860793544048,19.205298013245034,80.79470198675497,1098.0,79.69094922737307
dizao,15432.0,7471.0,6904.0,3207.0,2186.0,1454.0,311.0,19.461919421764154,19.20625724217845,80.79374275782155,5578.0,78.93974507531865
ellips,2907.0,2323.0,671.0,267.0,205.0,273.0,55.0,11.752044769694361,19.225037257824145,80.77496274217586,542.0,59.31445603576751
smart,24365.0,13034.0,10434.0,5573.0,3801.0,3249.0,592.0,24.927113702623906,19.273528847996932,80.72647115200307,8423.0,68.86141460609547
eunyul,5925.0,1663.0,3383.0,1540.0,1132.0,350.0,62.0,21.04630186410102,19.361513449600945,80.63848655039905,2728.0,89.65415311853384
shary,12224.0,6453.0,5318.0,2376.0,1750.0,1507.0,320.0,23.353479002014566,19.481007897705904,80.51899210229409,4282.0,71.6622790522753
inm,2352.0,1700.0,705.0,291.0,247.0,284.0,68.0,16.705882352941178,19.574468085106382,80.42553191489363,567.0,59.716312056737586
elskin,4353.0,1606.0,2327.0,1056.0,755.0,429.0,99.0,26.71232876712329,19.767941555651053,80.23205844434895,1867.0,81.56424581005587
italwax,148119.0,95329.0,50199.0,21746.0,16972.0,13060.0,2642.0,13.699923423092658,19.864937548556743,80.13506245144325,40227.0,73.98354548895396
grace,2165.0,1810.0,442.0,198.0,133.0,212.0,35.0,11.712707182320441,19.90950226244344,80.09049773755656,354.0,52.03619909502263
trind,14239.0,13554.0,880.0,409.0,263.0,430.0,79.0,3.1724952043677144,20.34090909090909,79.6590909090909,701.0,51.13636363636363
gehwol,4567.0,3282.0,1310.0,667.0,422.0,506.0,124.0,15.417428397318709,20.610687022900763,79.38931297709924,1040.0,61.37404580152672
veraclara,848.0,537.0,325.0,112.0,103.0,96.0,14.0,17.877094972067038,20.615384615384617,79.38461538461539,258.0,70.46153846153847
biofollica,2301.0,2052.0,348.0,123.0,122.0,185.0,43.0,9.01559454191033,20.689655172413794,79.3103448275862,276.0,46.839080459770116
nitrimax,15984.0,11087.0,4713.0,2386.0,1677.0,1674.0,420.0,15.0987643185713,21.005728835136857,78.99427116486314,3723.0,64.48122215149587
depilflax,17620.0,11260.0,6221.0,2894.0,2073.0,1737.0,397.0,15.426287744227354,21.186304452660345,78.81369554733966,4903.0,72.0784439800675
profepil,825.0,575.0,233.0,118.0,78.0,56.0,11.0,9.73913043478261,21.45922746781116,78.54077253218884,183.0,75.9656652360515
balbcare,3684.0,2882.0,970.0,444.0,345.0,513.0,124.0,17.800138792505205,22.88659793814433,77.11340206185568,748.0,47.113402061855666
supertan,1340.0,494.0,777.0,267.0,282.0,136.0,27.0,27.530364372469634,23.809523809523807,76.19047619047619,592.0,82.4967824967825
ypsed,1788.0,1613.0,296.0,92.0,91.0,169.0,54.0,10.477371357718537,25.0,75.0,222.0,42.9054054054054
soleo,6219.0,2832.0,3177.0,1057.0,1220.0,545.0,129.0,19.244350282485875,25.77903682719547,74.22096317280453,2358.0,82.8454516839786
coifin,5002.0,4880.0,342.0,123.0,123.0,268.0,87.0,5.491803278688525,28.362573099415204,71.6374269005848,245.0,21.637426900584796
